{
    "name": "Quark",
    "matrix": {
        "rows": 4,
        "cols": 12
    },
    "layouts": {
        "labels":[
            [
                "Bottom Row",
                "Ortho 4x12",
                "MIT (2u Space)",
                "2x3u Space",
                "6u Space",
                "2x2.25u Space"
            ]
        ],
        "keymap":[
          ["0,0","0,1","0,2","0,3","0,4","0,5","0,6","0,7","0,8","0,9","0,10","0,11"],
          ["1,0","1,1","1,2","1,3","1,4","1,5","1,6","1,7","1,8","1,9","1,10","1,11"],
          ["2,0","2,1","2,2","2,3","2,4","2,5","2,6","2,7","2,8","2,9","2,10","2,11"],
          ["3,0\n\n\n0,0","3,1\n\n\n0,0","3,2\n\n\n0,0","3,3\n\n\n0,0","3,4\n\n\n0,0","3,5\n\n\n0,0","3,6\n\n\n0,0","3,7\n\n\n0,0","3,8\n\n\n0,0","3,9\n\n\n0,0","3,10\n\n\n0,0","3,11\n\n\n0,0"],
          ["3,0\n\n\n0,1","3,1\n\n\n0,1","3,2\n\n\n0,1","3,3\n\n\n0,1","3,4\n\n\n0,1",{"w":2},"3,5\n\n\n0,1","3,7\n\n\n0,1","3,8\n\n\n0,1","3,9\n\n\n0,1","3,10\n\n\n0,1","3,11\n\n\n0,1"],
          ["3,0\n\n\n0,2","3,1\n\n\n0,2","3,2\n\n\n0,2",{"w":3},"3,4\n\n\n0,2",{"w":3},"3,7\n\n\n0,2","3,9\n\n\n0,2","3,10\n\n\n0,2","3,11\n\n\n0,2"],
          ["3,0\n\n\n0,3","3,1\n\n\n0,3","3,2\n\n\n0,3",{"w":6},"3,5\n\n\n0,3","3,9\n\n\n0,3","3,10\n\n\n0,3","3,11\n\n\n0,3"],
          [{"w":1.25},"3,0\n\n\n0,4",{"w":1.25},"3,1\n\n\n0,4",{"w":1.25},"3,3\n\n\n0,4",{"w":2.25},"3,4\n\n\n0,4",{"w":2.25},"3,7\n\n\n0,4",{"w":1.25},"3,8\n\n\n0,4",{"w":1.25},"3,10\n\n\n0,4",{"w":1.25},"3,11\n\n\n0,4"] 
        ]
    }
}

